Video;Views;Yesterday;Published
Foo Fighters - The Pretender;568120968;118483;2009/10
Foo Fighters - Everlong (Official HD Video);298354462;145747;2009/10
Foo Fighters - Best Of You (Official Music Video);254895433;57574;2009/10
Foo Fighters - Learn To Fly (Official Music Video);174342451;34031;2009/10
Foo Fighters. Walk.;124553417;24388;2011/06
Foo Fighters - All My Life (Official Music Video);109820540;25784;2009/10
Foo Fighters - My Hero (Official HD Video);79132208;43509;2011/03
Foo Fighters - Times Like These (Official HD Video);75490383;20734;2009/10
Foo Fighters - The Sky Is A Neighborhood (Official Music Video);74582272;9236;2017/08
Foo Fighters - These Days (Official Music Video);70520590;12731;2012/02
Foo Fighters - Run (Official Music Video);65059108;5867;2017/06
Foo Fighters - Monkey Wrench (Official Music Video);44033291;9652;2009/10
Foo Fighters - Something From Nothing;41853783;4094;2014/10
Foo Fighters - Long Road To Ruin (Official Music Video);35023012;395;2009/10
Foo Fighters - Rope (Official HD Video);32094705;5343;2011/03
Foo Fighters - Breakout (Official HD Video);27852316;5079;2009/10
Foo Fighters - Everlong (Live At Wembley Stadium, 2008);24000533;20943;2019/08
Foo Fighters - Big Me (Official HD Video);23740508;4112;2009/10
Foo Fighters - Walking After You (Official Music Video);18871315;1997;2009/10
Foo Fighters. Wasting Light Live from 606.;16959810;2797;2011/04
Foo Fighters - In The Clear;14977362;940;2014/11
Foo Fighters | Everlong (Acoustic - March 20, 2021);14081997;8477;2021/03
Foo Fighters - Resolve (Official Music Video);13907300;2017;2009/10
Foo Fighters - Rock And Roll (Live At Wembley Stadium, 2008);12926989;8872;2019/08
Foo Fighters - My Hero (Live);12819842;906;2011/03
Foo Fighters - My Hero (Live At Wembley Stadium, 2008);11820968;3018;2019/07
Foo Fighters - Saint Cecilia;11769164;1024;2015/11
Foo Fighters - Best Of You (Live At Wembley Stadium, 2008);11076118;6585;2019/08
Foo Fighters - Waiting On A War (Official Video);10471363;189;2021/01
Foo Fighters - No Way Back (Official HD Video);9406414;1028;2009/10
Foo Fighters - Low (Official HD Video);9242933;1421;2009/10
Foo Fighters - I'll Stick Around (Official HD Video);9056347;3404;2011/04
The Feast and The Famine;8945242;421;2014/11
Foo Fighters - Everlong (Live on Letterman);8750383;2649;2011/04
Foo Fighters - Walk (Audio);8297091;1782;2011/06
Foo Fighters - Shame Shame (Official Video);8081984;864;2020/11
Foo Fighters - The Pretender (Live At Wembley Stadium, 2008);7568648;5256;2019/07
Dee Gees | You Should Be Dancing;6862989;3053;2021/07
Foo Fighters - Run (Audio);6034014;736;2017/06
Foo Fighters - Arlandria (Live on Letterman);5946055;538;2011/04
Dave Grohl - Play (Official Video);5918720;1076;2018/08
Foo Fighters - Official Band Announcement;5826829;146;2016/03
Foo Fighters - Next Year (Official HD Video);5790050;482;2009/10
Foo Fighters White Limo;5745792;492;2011/02
Foo Fighters - ALS IceBucket Challenge;5098194;13;2014/08
Foo Fighters - Congregation;5095896;324;2014/10
Foo Fighters - Walk (Live on Letterman);4879383;1581;2011/04
Foo Fighters - Keepin it Clean in KC;4515182;94;2011/09
Foo Fighters - The Line (Audio);4458203;165;2017/09
Foo Fighters - Times Like These (Live on Letterman);4427349;807;2011/04
Foo Fighters - The Neverending Sigh;4402759;84;2015/11
Foo Fighters - These Days (Live on Letterman);4354849;623;2011/04
Foo Fighters - I Am A River;4254657;114;2014/11
Foo Fighters - Everlong;4073584;13158;2013/10
Foo Fighters - Rope (Live on Letterman);3868401;470;2011/04
Foo Fighters - Best Of You (Live on Letterman);3823048;572;2011/04
Foo Fighters - These Days;3789431;47;2012/01
Foo Fighters - The Pretender;3763832;4702;2013/10
Foo Fighters - Dear Rosemary (Live on Letterman);3757201;420;2011/04
Foo Fighters - Love Dies Young (Official Video);3744304;467;2021/11
Foo Fighters - Ramble On (Live At Wembley Stadium, 2008);3705771;1733;2019/08
Foo Fighters - Something From Nothing;3691522;92;2014/10
Foo Fighters - Learn To Fly (Live on Letterman);3682037;723;2011/04
Foo Fighters - Bridge Burning (Live on Letterman);3596653;343;2011/04
Foo Fighters - Times Like These (Live At Wembley Stadium, 2008);3493318;2447;2019/07
Foo Fighters - My Hero (Live on Letterman);3486776;539;2011/04
Wheels;3401610;803;2009/09
Foo Fighters - Stacked Actors (Live on Letterman);3351232;420;2011/04
Foo Fighters - Iron Rooster;3313519;35;2015/11
Foo Fighters - Outside;3249164;276;2014/11
Foo Fighters - Learn To Fly (Live At Wembley Stadium, 2008);2939883;2215;2019/07
Foo Fighters - Chasing Birds (Official Video);2714677;231;2021/04
Foo Fighters - Savior Breath;2452595;20;2015/11
Foo Fighters - Rescued (Lyric Video);2449700;1602;2023/04
Foo Fighters - Bridge Burning (Official Music Video);2445393;102;2019/06
Foo Fighters Garage Tour Full Length;2431843;82;2011/07
Foo Fighters - All My Life (Live At Wembley Stadium, 2008);2428342;2386;2019/08
Foo Fighters - The Sky Is A Neighborhood (Live from the BRITs 2018);2415704;356;2018/02
Foo Fighters - Arlandria (Official Music Video);2375003;1044;2019/06
Foo Fighters- Rope;2361570;7;2011/03
Foo Fighters - I Should Have Known (Live on Letterman);2360570;229;2011/04
Foo Fighters - Rope;2354483;33;2011/02
Foo Fighters - Arlandria (Live) NEW;2330279;84;2011/09
Foo Fighters - The Feast and The Famine;2284677;35;2014/10
Dee Gees | Shadow Dancing;2283989;1185;2021/07
Foo Fighters - Sean;2233161;42;2015/11
Foo Fighters - White Limo (Live on Letterman);2144703;196;2011/04
Foo Fighters - Making A Fire (Visualizer);1944515;245;2021/02
Foo Fighters - What Did I Do? / God as My Witness;1923485;133;2014/11
Foo Fighters - No Son Of Mine (Official Video);1862315;249;2021/02
Foo Fighters - All My Life (Live on Letterman);1829577;211;2011/04
Foo Fighters - A Matter Of Time (Live on Letterman);1814848;183;2011/04
Foo Fighters - No Son of Mine (Audio);1810080;145;2021/01
Foo Fighters - Skin And Bones (from Skin And Bones, Live in Hollywood, 2006);1761947;330;2011/04
Foo Fighters - Monkey Wrench (Live on Letterman);1722882;256;2011/04
Foo Fighters - This Is A Call (Live on Letterman);1599221;178;2011/04
Foo Fighters - Live from Troubadour (#SOSFEST);1579506;314;2020/10
Foo Fighters - Big Me (Live on Letterman);1466504;326;2011/04
Foo Fighters - Dear Rosemary (Official Music Video);1442756;129;2018/10
Foo Fighters - Times Like These (Celebrating America);1429686;131;2021/01
Foo Fighters - Monkey Wrench (Live At Wembley Stadium, 2008);1406743;787;2019/08
Dee Gees - Night Fever (Audio);1401990;368;2021/07
Foo Fighters - The Teacher;1394923;673;2023/05
Foo Fighters - Cold Day In The Sun (from Skin And Bones, Live in Hollywood, 2006);1368033;536;2019/11
Foo Fighters - Under You (Lyric Video);1354848;2398;2023/05
Foo Fighters - Under You (From 'Preparing Music For Concerts');1350309;176;2023/07
Foo Fighters - The Making of Concrete and Gold;1316863;17;2017/09
Foo Fighters - Hot Buns (Censored Version);1313330;26;2011/08
Foo Fighters - Miss The Misery (Official Music Video);1313286;137;2018/10
Foo Fighters - Miss The Misery (Live on Letterman);1309859;142;2011/04
Foo Fighters - Cold Day In The Sun (Live on Letterman);1271614;197;2011/04
Foo Fighters - All My Life;1256453;1745;2013/10
Foo Fighters - Shame Shame (Audio);1221549;173;2020/11
Foo Fighters - I Should Have Known (Official Music Video);1208684;292;2019/06
Foo Fighters - Waiting On A War (Audio);1203458;168;2021/01
Foo Fighters - Subterranean;1173690;93;2014/11
Foo Fighters - The One (Official HD Video);1125104;443;2019/06
Foo Fighters - Show Me How;1082325;1032;2023/05
Foo Fighters - In The Clear;1069529;14;2014/11
Foo Fighters - Making A Fire (Live);1056126;223;2021/02
Times Like Those | Foo Fighters 25th Anniversary;1032450;225;2020/11
Foo Fighters - Medicine At Midnight (Visualizer);986801;174;2021/02
Foo Fighters - Congregation;962246;102;2015/03
Foo Fighters Trailer;940136;4;2011/03
Dee Gees - More Than A Woman (Audio);939272;199;2021/07
Dream Widow | March of the Insane (Lyric Video);931457;71;2022/02
Foo Fighters - Times Like These (from Skin And Bones, Live in Hollywood, 2006);929976;121;2019/11
Foo Fighters - Cloudspotter (Visualizer);921814;163;2021/02
Foo Fighters - Come Alive;895662;385;2013/10
Kurstin x Grohl: The Hanukkah Sessions 2021: Night Three;889197;325;2021/11
In Defense of Our Teachers by Dave Grohl;883531;4;2020/07
Foo Fighters - The Pretender (Nissan Live Sets At Yahoo! Music);880385;38;2011/03
Foo Fighters - Everlong (Nissan Live Sets At Yahoo! Music);856528;19;2011/03
Foo Fighters & Guns N' Roses at Firenze Rocks 6.14.17;84076;40;2018/06
Kurstin x Grohl: The Hanukkah Sessions 2021: Night Two;829595;48;2021/11
Foo Fighters - Entregando Lo Bueno;80248;8;2013/10
Kurstin x Grohl: The Hanukkah Sessions 2021: Night One;797753;61;2021/11
Nandi Bushell | Official Theme Song;78825;122;2020/09
Foo Fighters - Back And Forth (Live on Letterman);773348;109;2011/04
Dave Grohl for FreshPotix | It Works (kinda);755045;152;2020/10
Kurstin x Grohl: The Hanukkah Sessions: Night One;754379;36;2020/12
Foo Fighters - The Glass;749806;2901;2023/06
Foo Fighters - No Son Of Mine (Jimmy Kimmel Live!);733165;106;2021/01
Foo Fighters - No Way Back (Live At Wembley Stadium, 2008);731944;543;2019/07
Foo Fighters - Everlong (from Skin And Bones, Live in Hollywood, 2006);724622;2841;2019/11
Foo Fighters - Breakout (Live At Wembley Stadium, 2008);708975;473;2019/07
Foo Fighters - Waiting On A War (From The Tonight Show Starring Jimmy Fallon);688127;157;2021/02
Foo Fighters | Super Saturday Night | Feb. 2;681055;22;2019/01
Foo Fighters - Long Road To Ruin (Live At Wembley Stadium, 2008);677951;402;2019/07
Dee Gees - Tragedy (Audio);665665;231;2021/07
Kurstin x Grohl: The Hanukkah Sessions 2022: Night Seven;665288;125;2022/12
Kurstin X Grohl: The Hanukkah Sessions: Night Four;65879;91;2020/12
Foo Fighters - Stacked Actors;648983;27;2013/10
Foo Fighters - Best Of You (from Skin And Bones, Live in Hollywood, 2006);647428;534;2019/11
Foo Fighters - Holding Poison (Visualizer);643486;126;2021/02
Kurstin x Grohl: The Hanukkah Sessions 2021: Night Five (Featuring Violet Grohl);633526;53;2021/12
Foo Fighters - Hot Buns UNCENSORED !;625949;21;2011/08
Foo Fighters - On The Mend (from Skin And Bones, Live in Hollywood, 2006);61449;389;2019/11
Foo Fighters - Love Dies Young (Visualizer);605279;145;2021/02
Foo Fighters - But Here We Are (Full Album At Sunrise);590745;1413;2023/08
Foo Fighters- Walk (Audio);585364;5;2011/06
Foo Fighters - Monkey Wrench;575586;510;2013/10
Foo Fighters - Stacked Actors (Live At Wembley Stadium, 2008);562982;298;2019/07
Foo Fighters – Medicine At Midnight (Original Sake Making Video);558354;145;2021/03
Kurstin x Grohl: The Hanukkah Sessions 2021: Night Four;557544;23;2021/12
Foo Fighters – Walk (Live on the Honda Stage at the iHeartRadio Theater LA);546904;252;2015/04
Kurstin x Grohl: The Hanukkah Sessions: Night Two;535706;23;2020/12
Foo Fighters - Rescued (From Preparing Music for Concerts);528785;840;2023/06
Foo Fighters - The Pretender (Making of);515445;15;2009/10
Kurstin x Grohl: The Hanukkah Sessions 2022: Night Four;507892;436;2022/12
Walk - This Video Sucks Contest: Directed by Phil Hodges;49954;248;2011/05
Foo Fighters - Skin And Bones (Nissan Live Sets At Yahoo! Music);492043;4;2011/03
Kurstin X Grohl: The Hanukkah Sessions: Night Three;484813;26;2020/12
Foo Fighters - Long Road To Ruin (Live Sets At Yahoo! Music);483512;34;2011/03
Violet Grohl & Dave Grohl - Nausea;48329;68;2021/04
Foo Fighters - February Stars (from Skin And Bones, Live in Hollywood, 2006);480399;325;2019/11
Dee Gees - Shadow Dancing (Audio);47189;76;2021/07
Kurstin x Grohl: The Hanukkah Sessions 2021: Night Eight;450373;39;2021/12
Kurstin X Grohl: The Hanukkah Sessions: Night Eight;444987;31;2020/12
Kurstin X Grohl: The Hanukkah Sessions: Night Five;436751;30;2020/12
Foo Fighters - Show Open (Live at Wembley Stadium, 2008);42008;234;2019/08
Kurstin x Grohl: The Hanukkah Sessions 2021: Night Six;411013;27;2021/12
Foo Fighters - Cold Day In The Sun (Live At Wembley Stadium, 2008);405661;222;2019/07
Foo Fighters - Making A Fire (Mark Ronson Re-Version (Audio));392346;62;2021/06
Foo Fighters - Walking After You (from Skin And Bones, Live in Hollywood, 2006);389502;279;2019/11
Foo Fighters - Home (Nissan Live Sets At Yahoo! Music);388495;27;2011/03
Foo Fighters - Learn to Fly / Shame Shame / Everlong (Medley) [2021 MTV VMAs];387039;41;2021/09
Kurstin X Grohl: The Hanukkah Sessions: Night Seven;386022;21;2020/12
Foo Fighters - Skin And Bones (Live At Wembley Stadium, 2008);370924;173;2019/07
Kurstin X Grohl: The Hanukkah Sessions: Night Six;369992;29;2020/12
Foo Fighters - Waiting On A War (Jimmy Kimmel Live!);361631;35;2021/01
Kurstin x Grohl: The Hanukkah Sessions 2021: Night Seven;356438;106;2021/12
Foo Fighters - Razor (from Skin And Bones, Live in Hollywood, 2006);354023;198;2019/11
Dave Grohl | The Storyteller;351694;16;2021/04
Foo Fighters - Marigold (Live At Wembley Stadium, 2008);34521;184;2019/07
Foo Fighters Garage Tour New York;342627;;2011/04
Foo Fighters - A Matter Of Time (Official Music Video);340216;114;2019/06
Foo Fighters - Marigold (from Skin And Bones, Live in Hollywood, 2006);33376;299;2019/11
Foo Fighters - Next Year (from Skin And Bones, Live in Hollywood, 2006);331431;211;2019/11
Dream Widow | Cold (Official Visualizer);327296;68;2022/03
Foo Fighters - Over And Out (from Skin And Bones, Live in Hollywood, 2006);32661;193;2019/11
Foo Fighters - But Here We Are (Sunrise Lyric Video);323934;401;2023/06
Foo Fighters - Cheer Up, Boys (Your Make Up Is Running) (Live At Wembley Stadium, 2008);320237;183;2019/07
Foo Fighters - All My Life (Nissan Live Sets At Yahoo! Music);316091;5;2011/03
Foo Fighters Keep it Clean;307698;11;2011/08
Foo Fighters - Nothing At All (Lyric Video);304579;560;2023/06
Foo Fighters - Another Round (from Skin And Bones, Live in Hollywood, 2006);301558;164;2019/11
Foo Fighters - Chasing Birds (Visualizer);299403;23;2021/02
Foo Fighters – Something From Nothing (Live on the Honda Stage at the iHeartRadio Theater LA);295452;29;2015/04
Foo Fighters - Hearing Voices (Lyric Video);293002;437;2023/06
Foo Fighters 'Walk' Live From iTunes Festival;28015;2;2011/07
Dave Grohl | The Storyteller Out October 5th;279408;13;2021/09
Foo Fighters - Rest (Lyric Video);278753;368;2023/06
Foo Fighters - Ain't It The Life (from Skin And Bones, Live in Hollywood, 2006);276051;110;2019/11
White Limo - This Video Sucks Contest: Directed by Randy Scott Slavin;275849;4;2011/05
Foo Fighters - Big Me (from Skin And Bones, Live in Hollywood, 2006);275569;202;2019/11
Foo Fighters - What If I Do? (from Skin And Bones, Live in Hollywood, 2006);268226;174;2019/11
Foo Fighters - Intro (from Skin And Bones, Live in Hollywood, 2006);264523;94;2019/11
Studio 666 | Official Red Band Trailer;254458;7;2022/02
Kurstin x Grohl: The Hanukkah Sessions 2022: Night Two;252478;27;2022/12
Kurstin x Grohl: The Hanukkah Sessions 2022: Night Six;248748;72;2022/12
Dear Rosemary - This Video Sucks Contest: Directed by Karl Richter;247025;4;2011/05
Woodshedding for the summer tour has never felt so good;243959;9;2018/03
Back & Forth - This Video Sucks Contest: Directed by Justin Staggs;239913;118;2011/05
Foo Fighters - Friend Of A Friend (from Skin And Bones, Live in Hollywood, 2006);23672;181;2019/11
Kurstin x Grohl: The Hanukkah Sessions 2022: Night One;233989;19;2022/12
Dream Widow | Angel With Severed Wings (Official Visualizer);229761;34;2022/03
Foo Fighters - Monkey Wrench;228244;7;2016/03
Foo Fighters - All My Life (LIVE);227068;;2011/05
Foo Fighters - Times Like These;224692;15;2016/03
Kurstin x Grohl: The Hanukkah Sessions 2022: Night Eight;221367;52;2022/12
Foo Fighters – Congregation (Live on the Honda Stage at the iHeartRadio Theater LA);220333;12;2015/04
Foo Fighters - Inside the recording of Sonic Highways - Subterranean (excerpt);210978;;2015/03
Foo Fighters | Everlong - Live from Troubadour (#SOSFEST);209023;37;2020/11
Foo Fighters - Rescued (Visualizer);20505;281;2023/04
Foo Fighters - Beyond Me (Lyric Video);20001;257;2023/06
Foo Fighters Garage Tour Toronto;196831;;2011/04
Foo Fighters - Still (from Skin And Bones, Live in Hollywood, 2006);195915;116;2019/11
Kurstin x Grohl: The Hanukkah Sessions 2022: Night Five;193762;56;2022/12
Kurstin x Grohl: The Hanukkah Sessions 2022: Night Three;182182;21;2022/12
Foo Fighters - See You (from Skin And Bones, Live in Hollywood, 2006);182111;52;2019/11
Foo Fighters - But Here We Are (Lyric Video);181045;169;2023/06
Foo Fighters - Foo Fighters from Lollapalooza;180344;;2011/08
Cal Jam 17 - Good Times!;178007;;2017/11
Dream Widow | Encino (Official Visualizer);173905;20;2022/03
Foo Fighters - Jim Vance, we're gonna miss you;160529;;2015/04
Foo Fighters | These Days - Live from Troubadour (#SOSFEST);156765;72;2020/11
Dream Widow | Lacrimus Dei Ebrius (Official Visualizer);154773;85;2022/03
Foo Fighters | Times Like These - Live from Troubadour (#SOSFEST);146848;53;2020/11
Foo Fighters - Long Road To Ruin (Davy Grolton Band - Live At The Mall);144148;8;2011/04
Foo Fighters - Disco (Long Road To Ruin Extra);140776;;2010/09
Foo Fighters - My Hero (Nissan Live Sets At Yahoo! Music);139538;;2011/03
Foo Fighters - Shame Shame (Audio);126127;45;2021/07
Foo Fighters - Under You (Visualizer);12357;181;2023/05
H.E.R. - The Glass (Audio) ft. Foo Fighters;121451;844;2023/11
Foo Fighters x Anghel ng Lansangan | No Son of Mine;119943;;2021/03
Foo Fighters: Record Store Day 2015 - Niles, OH;118579;;2015/05
Miss The Misery - This Video Sucks Contest: Directed by Pete Levin;116847;;2011/05
Foo Fighters - Chasing Birds (Preservation Hall Jazz Band Re-Version (Official Audio));114614;9;2021/10
Songs From The Laundry Room EP - Kids In America;114551;14;2015/04
Foo Fighters x Tatenokawa Collaboration Sake “HANSHO (Midnight)” Making Teaser;113286;;2021/01
Foo Fighters Bring You Cal Jam 17!;112541;;2017/06
Dream Widow | Becoming (Official Visualizer);112372;28;2022/03
These Days - This Video Sucks Contest: Directed by Jay Hollinsworth;110862;;2011/05
Songs From The Laundry Room EP - Alone + Easy Target;110476;16;2015/04
Dream Widow | The Sweet Abyss (Official Visualizer);110269;46;2022/03
Foo Fighters - Show Me How (Lyric Video);108697;92;2023/05
Foo Fighters - The Teacher (Lyric Video);108284;105;2023/06
Foo Fighters - The Glass (Lyric Video);107661;341;2023/06
Foo Fighters Garage Tour DC;10699;;2011/04
Foo Fighters - Cheer Up, Boys (Your Make-Up Is Running) (Nissan Live Sets At Yahoo! Music);106941;5;2011/03
Foo Fighters - Making A Fire (Audio);10416;28;2021/07